A1,8.69E+12,1,71001,80901,0,0,0,0,0,0,0,0
G0001      ,／再掘削工                              ,式        ,殻運搬処理　処分費含む                  ,As殻（車道）　大林道路　L=4.9km         ,                                        ,,,,,,,
S8505      ,舗装版破砕工                            ,㎡        ,                                        ,                                        ,；水道編                                ,,,1,1,,,
S8505      ,舗装版破砕工                            ,㎡        ,                                        ,                                        ,；水道編                                ,,,93,93,,,
S8500      ,床掘                                    ,        ,                                        ,                                        ,；水道編                                ,,,1,1,,,
S8500      ,床掘                                    ,        ,                                        ,                                        ,；水道編                                ,,,150,150,,,
S8510      ,埋戻し(配管用)                          ,        ,                                        ,                                        ,；水道編                                ,,,1,1,,,
S8510      ,埋戻し(配管用)                          ,        ,                                        ,                                        ,；水道編                                ,,,150,150,,,
S8625      ,舗装復旧工                              ,㎡        ,                                        ,                                        ,；水道編                                ,,,1,1,,,
S8625      ,舗装復旧工                              ,㎡        ,                                        ,                                        ,；水道編                                ,,,78,78,,,
S8625      ,舗装復旧工                              ,㎡        ,                                        ,                                        ,；水道編                                ,,,15,15,,,
S8515      ,軽量鋼矢板建込・撤去工                  ,ｍ        ,                                        ,                                        ,；水道編                                ,,,78,78,,,
SCB210110  ,土砂等運搬                              ,m3        ,現場～仮置場　L=4.2km                   ,                                        ,；02/01/02                              ,,,150,150,,,
S8500      ,積込み                                  ,        ,                                        ,                                        ,；水道編                                ,,,150,150,,,
SCB210110  ,土砂等運搬                              ,m3        ,仮置場～現場　L=4.2km                   ,                                        ,；02/01/02                              ,,,150,150,,,
V0011      ,／殻運搬処理                            ,ｍ3       ,現場～前田道路　L=3.0km As殻（車道）    ,"管工事(φ400～φ500),舗装工事           ",処分費含む　；東白川                    ,,,5,5,,,
V0013      ,／殻運搬処理                            ,ｍ3       ,現場～前田道路　L=3.0km As殻（歩道）    ,"管工事(φ400～φ500),舗装工事           ",処分費含む　；東白川                    ,,,0.1,0.1,,,
G2001      ,／鋼管現場Ｘ線試験費(水道用)            ,式        ,16箇所                                  ,；埋設管                                ,                                        ,,,,,,,
S8770      ,鋼管現場Ｘ線試験費(水道用)              ,箇所      ,                                        ,                                        ,；水道編                                ,,,16,16,,,
G0007      ,／スクラップ                            ,式        ,撤去管・残管・仕切弁等                  ,；故銑A                                 ,                                        ,,,,,,,
F1005      ,スクラップ                              ,ｔ        ,故銑A                                   ,                                        ,；建設物価9月                           ,,,-7.9,-7.9,,,
TZ006730001,ｽｸﾗｯﾌﾟ                                  ,t         ,ﾍﾋﾞｰH1                                  ,                                        ,                                        ,,,-115.6,-115.6,,,
G0002      ,／現場発生品運搬                        ,式        ,；現場～西部建設事務所　L=2.1km         ,撤去管・残管・仕切弁等                  ,積込・取り卸し含む                      ,,,,,,,
SCB010410  ,現場発生品及び支給品運搬                ,t         ,                                        ,                                        ,；01/02/03                              ,,,123.5,123.5,,,
SCB010420  ,現場発生品及び支給品積込･荷卸           ,t         ,                                        ,                                        ,；01/02/03                              ,,,123.5,123.5,,,
G0022      ,／現場発生品運搬                        ,式        ,現場～仮置場　L=4.2km　往復             ,防護柵等                                ,積込・取り卸し含む                      ,,,,,,,
SCB010410  ,現場発生品及び支給品運搬                ,t         ,現場～仮置場                            ,                                        ,；01/02/03                              ,,,3.8,3.8,,,
SCB010420  ,現場発生品及び支給品積込･荷卸           ,t         ,現場                                    ,                                        ,；01/02/03                              ,,,3.8,3.8,,,
SCB010410  ,現場発生品及び支給品運搬                ,t         ,仮置場～現場                            ,                                        ,；01/02/03                              ,,,3.8,3.8,,,
SCB010420  ,現場発生品及び支給品積込･荷卸           ,t         ,仮置場                                  ,                                        ,；01/02/03                              ,,,3.8,3.8,,,
G0012      ,／廃プラスチック運搬処分                ,式        ,現場～環境保全センター　L=14.9km        ,処分費含む                              ,積込・取り卸し含む                      ,,,,,,,
SCB010410  ,現場発生品及び支給品運搬                ,t         ,現場～環境保全センターL=14.9㎞          ,撤去管（VE)                             ,；01/02/03                              ,,,6.26,6.26,,,
F1006      ,処分費                                  ,ｍ3       ,廃プラスチック                          ,環境保全センター                        ,；年間見積                              ,,,17.67,17.67,,,
SCB010420  ,現場発生品及び支給品積込･荷卸           ,t         ,                                        ,                                        ,；01/02/03                              ,,,6.26,6.26,,,
G1002      ,／通水試験費                            ,式        ,器具損料・諸雑費含む                    ,                                        ,                                        ,,,,,,,
S8775      ,通水試験工                              ,日        ,                                        ,                                        ,；水道編                                ,,,1,1,,,
G0003      ,／交通誘導警備員                        ,式        ,                                        ,                                        ,                                        ,,,,,,,
SWB010212  ,交通誘導警備員B                         ,人日      ,                                        ,                                        ,；02/05/21                              ,,,1152,1152,,,
G1005      ,／仮設資材運搬                          ,式        ,積込み取卸し含む                        ,往復分                                  ,；現場～西部建設事務所　L=2.1km         ,,,,,,,
SWB010020  ,仮設材等の運搬                          ,t         ,(鋼矢板､H形鋼､覆工板､敷鉄板等)          ,往路                                    ,；01/02/02                              ,,,2,2,,,
SWB010030  ,仮設材等の積込み取卸し費                ,t         ,                                        ,                                        ,；01/02/02                              ,,,2,2,,,
SWB010020  ,仮設材等の運搬                          ,t         ,(鋼矢板､H形鋼､覆工板､敷鉄板等)          ,復路                                    ,；01/02/02                              ,,,2,2,,,
G3001      ,／遠隔臨場                              ,式        ,端末料、通信料含む                      ,                                        ,                                        ,,,,,,,
F4001      ,端末レンタル料                          ,ヶ月      ,遠隔臨場タブレット端末レンタル料(24か月),；見積                                  ,                                        ,,,17,17,,,
F4002      ,端末運搬費                              ,式        ,                                        ,                                        ,；見積                                  ,,,1,1,,,
X1000      ,本工事費　　　　　　　　　　　　　　　　,,,,,,,,,,,
Y2301      ,管路(開削)                            ,          ,                                        ,                                        ,                                        ,,,0,0,,,
Y230101    ,材料                                  ,式        ,                                        ,                                        ,                                        ,,,1,1,,,
Y23010101  ,管材料                                ,          ,                                        ,                                        ,                                        ,,,0,0,,,
Y2301010102,GX形管                                ,          ,                                        ,                                        ,                                        ,,,0,0,,,
S8712      ,ＧＸ形直管                              ,本        ,継手材含む                              ,                                        ,；水道編                                ,,,114,114,,,
S8712      ,ＧＸ形直管                              ,本        ,継手材含む                              ,                                        ,；水道編                                ,,,30,0,,,
S8721      ,45度曲管                                ,個        ,                                        ,                                        ,；水道編                                ,,,31,31,,,
Y23010103  ,ポリエチレン管                        ,          ,                                        ,                                        ,                                        ,,,0,0,,,
Y2301010301,配水用ﾎﾟﾘｴﾁﾚﾝ管                       ,          ,                                        ,                                        ,                                        ,,,0,0,,,
S8766      ,ＰＥ形 ＥＦ受口付直管                   ,本        ,配水用                                  ,                                        ,；水道編                                ,,,500,0,,,
Y230102    ,管布設工                              ,式        ,                                        ,                                        ,                                        ,,,1,1,,,
Y23010201  ,管路土工                              ,          ,                                        ,                                        ,                                        ,,,0,0,,,
Y2301020101,舗装版切断                            ,          ,                                        ,                                        ,                                        ,,,0,0,,,
SCB430510  ,舗装版切断                              ,m         ,                                        ,                                        ,；04/03/03                              ,,,5260,5260,,,
Y2301020102,舗装版破砕                            ,          ,                                        ,                                        ,                                        ,,,0,0,,,
SCB430310  ,舗装版破砕                              ,m2        ,試掘（人力）                            ,                                        ,；04/03/02                              ,,,51,51,,,
Y2301020104,殻運搬                                ,          ,                                        ,                                        ,                                        ,,,0,0,,,
V1001      ,／殻運搬処理                            ,ｍ3       ,現場～前田道路　L=3.0km As殻（車道）    ,試掘                                    ,処分費含む　；東白川                    ,,,20,6,,,
Y2301020110,管路掘削                              ,          ,                                        ,                                        ,                                        ,,,0,0,,,
S8500      ,床掘                                    ,        ,試掘                                    ,                                        ,；水道編                                ,,,1000,80,,,
SCB210110  ,土砂等運搬                              ,m3        ,現場～仮置場L=4.2km                     ,                                        ,；02/01/02                              ,,,2000,3010,,,
Y2301020111,管路埋戻                              ,          ,                                        ,                                        ,                                        ,,,0,0,,,
S8500      ,積込み                                  ,        ,仮置場                                  ,                                        ,；水道編                                ,,,4000,2800,,,
SCB210110  ,土砂等運搬                              ,m3        ,仮置場～現場 L=4.2km                    ,                                        ,；02/01/02                              ,,,4000,2790,,,
S8510      ,埋戻し(配管用)                          ,        ,試掘                                    ,                                        ,；水道編                                ,,,70,70,,,
Y2301020112,再掘削                                ,          ,                                        ,                                        ,                                        ,,,0,0,,,
G0001      ,／再掘削工                              ,式        ,殻運搬処理　処分費含む                  ,As殻（車道）　大林道路　L=4.9km         ,                                        ,,,1,1,,,
Y2301020113,発生土処理                            ,          ,                                        ,                                        ,                                        ,,,0,0,,,
S8500      ,積込み                                  ,        ,仮置場                                  ,                                        ,；水道編                                ,,,230,230,,,
V0002      ,／土砂運搬処理                          ,ｍ3       ,現場～ポートアイランド沖　L=18.6km      ,土砂                                    ,処分費含む                              ,,,230,230,,,
Y2301020116,舗装仮復旧                            ,          ,                                        ,                                        ,                                        ,,,0,0,,,
S8630      ,先行路盤工                              ,㎡        ,                                        ,                                        ,；水道編                                ,,,3,3,,,
S8625      ,舗装復旧工                              ,㎡        ,                                        ,                                        ,；水道編                                ,,,19,19,,,
Y23010202  ,管路土留工                            ,          ,                                        ,                                        ,                                        ,,,0,0,,,
Y2301020201,軽量鋼矢板土留                        ,          ,                                        ,                                        ,                                        ,,,0,0,,,
S8515      ,軽量鋼矢板建込・撤去工                  ,ｍ        ,                                        ,                                        ,；水道編                                ,,,1115,1115,,,
Y23010209  ,水替工                                ,          ,                                        ,                                        ,                                        ,,,0,0,,,
Y2301020901,開削水替                              ,          ,                                        ,                                        ,                                        ,,,0,0,,,
S8550      ,水替工　　　　　　　　　　　　　　　　　,箇所      ,                                        ,                                        ,；水道編                                ,,,1,1,,,
Y230104    ,管工                                  ,式        ,                                        ,                                        ,                                        ,,,1,1,,,
Y23010401  ,管据付・撤去工                        ,          ,                                        ,                                        ,                                        ,,,0,0,,,
Y2301040101,管据付                                ,          ,                                        ,                                        ,                                        ,,,0,0,,,
S8555      ,鋳鉄管据付　　　　　　　　　　　　　　　,ｍ        ,                                        ,                                        ,；水道編                                ,,,638.1,638.1,,,
S8556      ,鋼管据付　　　　　　　　　　　　　　　　,ｍ        ,                                        ,                                        ,；水道編                                ,,,459.3,459.3,,,
Y2301040102,管撤去                                ,          ,                                        ,                                        ,                                        ,,,0,0,,,
S8556      ,鋼管撤去　　　　　　　　　　　　　　　　,ｍ        ,                                        ,                                        ,；水道編                                ,,,1023.4,1023.4,,,
Y23010402  ,管継手・取りはずし工                  ,          ,                                        ,                                        ,                                        ,,,0,0,,,
Y2301040206,ＧＸ形管継手                          ,          ,                                        ,                                        ,                                        ,,,0,0,,,
S8560      ,管継手　　　　　　　　　　　　　　　　　,箇所      ,                                        ,                                        ,；水道編                                ,,,114,114,,,
S8560      ,管継手　　　　　　　　　　　　　　　　　,箇所      ,                                        ,                                        ,；水道編                                ,,,100,100,,,
Y2301040213,現場溶接                              ,          ,                                        ,                                        ,                                        ,,,0,0,,,
V2502      ,／ステンレス鋼管溶接工                  ,箇所      ,400A×t6.0                              ,ジョイントコート含む                    ,；必携                                  ,,,149,149,,,
Y23010403  ,管切断・挿口加工                      ,          ,                                        ,                                        ,                                        ,,,0,0,,,
Y2301040302,鋳鉄管切断(ＧＸ形)                    ,          ,                                        ,                                        ,                                        ,,,0,0,,,
S8565      ,鋳鉄管切断工                            ,箇所      ,                                        ,                                        ,；水道編                                ,,,48,48,,,
Y2301040307,鋼管切断(撤去管)                      ,          ,                                        ,                                        ,                                        ,,,0,0,,,
S8567      ,鋼管切断工                              ,箇所      ,                                        ,                                        ,；水道編                                ,,,171,171,,,
Y2301040310,GX形挿口加工                          ,          ,                                        ,                                        ,                                        ,,,0,0,,,
S8590      ,ＧＸ形挿口加工費                        ,箇所      ,                                        ,                                        ,；水道編                                ,,,50,50,,,
Y23010409  ,運搬工                                ,          ,                                        ,                                        ,                                        ,,,0,0,,,
Y2301040901,現場発生品運搬                        ,          ,                                        ,                                        ,                                        ,,,0,0,,,
G0002      ,／現場発生品運搬                        ,式        ,；現場～西部建設事務所　L=2.1km         ,撤去管・残管・仕切弁等                  ,積込・取り卸し含む                      ,,,1,1,,,
G0012      ,／廃プラスチック運搬処分                ,式        ,現場～環境保全センター　L=14.9km        ,処分費含む                              ,積込・取り卸し含む                      ,,,1,1,,,
Y230107    ,付帯工                                ,式        ,                                        ,                                        ,                                        ,,,1,1,,,
Y23010701  ,舗装撤去工                            ,          ,                                        ,                                        ,                                        ,,,0,0,,,
Y2301070101,舗装版切断                            ,          ,                                        ,                                        ,                                        ,,,0,0,,,
SCB430510  ,舗装版切断                              ,m         ,                                        ,                                        ,；04/03/03                              ,,,650,650,,,
Y2301070102,舗装版破砕                            ,          ,                                        ,                                        ,                                        ,,,0,0,,,
SCB430310  ,舗装版破砕                              ,m2        ,                                        ,                                        ,；04/03/02                              ,,,6060,6060,,,
Y2301070105,殻運搬                                ,          ,                                        ,                                        ,                                        ,,,0,0,,,
V0011      ,／殻運搬処理                            ,ｍ3       ,現場～前田道路　L=3.0km As殻（車道）    ,"管工事(φ400～φ500),舗装工事           ",処分費含む　；東白川                    ,,,542,542,,,
Y2301070108,路盤掘削                              ,          ,                                        ,                                        ,                                        ,,,0,0,,,
S8500      ,すきとり                                ,        ,                                        ,廃路盤材                                ,；水道編                                ,,,310,310,,,
Y2301070109,発生土処理                            ,          ,                                        ,                                        ,                                        ,,,0,0,,,
V0005      ,／廃路盤材運搬処理                      ,ｍ3       ,現場～ＫＢＭ　L=23.3km                  ,廃路盤材                                ,処分費含む                              ,,,310,310,,,
V0003      ,／土砂運搬処理                          ,ｍ3       ,仮置場～ポートアイランド沖　L=18.6km    ,土砂                                    ,処分費含む                              ,,,3,3,,,
Y23010702  ,道路復旧工                            ,          ,                                        ,                                        ,                                        ,,,0,0,,,
Y2301070201,舗装復旧                              ,          ,                                        ,                                        ,                                        ,,,0,0,,,
S8625      ,舗装復旧工                              ,㎡        ,                                        ,                                        ,；水道編                                ,,,3120,3120,,,
Y23010703  ,区画線工                              ,          ,                                        ,                                        ,                                        ,,,0,0,,,
Y2301070301,溶融式区画線                          ,          ,                                        ,                                        ,                                        ,,,0,0,,,
SWB821210  ,区画線設置                              ,m         ,                                        ,                                        ,；06/01/01                              ,,,350,350,,,
Y230108    ,仮設工                                ,式        ,                                        ,                                        ,                                        ,,,1,1,,,
Y23010803  ,交通管理工                            ,          ,                                        ,                                        ,                                        ,,,0,0,,,
G0003      ,／交通誘導警備員                        ,式        ,                                        ,                                        ,                                        ,,,1,1,,,
Z0001      ,運搬費                                  ,式　　    ,                                        ,                                        ,                                        ,,,,,,,
YZ000000003,仮設材運搬費                          ,式        ,                                        ,                                        ,                                        ,,,0,0,,,
G1005      ,／仮設資材運搬                          ,式        ,積込み取卸し含む                        ,往復分                                  ,；現場～西部建設事務所　L=2.1km         ,,,1,1,,,
Z0002      ,準備費　　　　　　                      ,式　　    ,                                        ,                                        ,                                        ,,,,,,,
Z0003      ,事業損失防止施設費                      ,式　　    ,                                        ,                                        ,                                        ,,,,,,,
Z0004      ,安全費                                  ,式　　    ,                                        ,                                        ,                                        ,,,,,,,
Z0005      ,役務費                                  ,式　　    ,                                        ,                                        ,                                        ,,,,,,,
Z0006      ,技術管理費                              ,式　　    ,                                        ,                                        ,                                        ,,,,,,,
G1002      ,／通水試験費                            ,式        ,器具損料・諸雑費含む                    ,                                        ,                                        ,,,1,1,,,
G2001      ,／鋼管現場Ｘ線試験費(水道用)            ,式        ,16箇所                                  ,；埋設管                                ,                                        ,,,1,1,,,
G3001      ,／遠隔臨場                              ,式        ,端末料、通信料含む                      ,                                        ,                                        ,,,1,1,,,
Z0007      ,営繕費    　　　　　　　　　　　　　　　,式　　    ,                                        ,                                        ,                                        ,,,,,,,
Z0010      ,回航費                                  ,式　　    ,                                        ,                                        ,                                        ,,,,,,,
Z0011      ,水雷・傷害等保険料                      ,式　　    ,                                        ,                                        ,                                        ,,,,,,,
Z0013      ,支給品費　　　　　                      ,式　　    ,                                        ,                                        ,                                        ,,,,,,,
Z0009      ,現場環境改善費                          ,式　　    ,                                        ,                                        ,                                        ,,,,,,,
Z0019      ,現場環境改善費（施工箇所点在用）        ,式　　    ,                                        ,                                        ,                                        ,,,,,,,
Z0008      ,現場環境改善費（港湾）                  ,式　　    ,                                        ,                                        ,                                        ,,,,,,,
Z0018      ,現場環境改善費（港湾施工箇所点在用）    ,式　　    ,                                        ,                                        ,                                        ,,,,,,,
Z0040      ,工期延長等に伴う増加費用                ,式　　    ,                                        ,                                        ,                                        ,,,,,,,
Z0045      ,設計委託費                              ,式　　    ,                                        ,                                        ,                                        ,,,,,,,
Z0047      ,スクラップ                              ,式　　    ,                                        ,                                        ,                                        ,,,,,,,
G0007      ,／スクラップ                            ,式        ,撤去管・残管・仕切弁等                  ,；故銑A                                 ,                                        ,,,1,0,,,
