基礎単価コード,名称,金額,集計区分,集計区分名称,代価表等コード番号,親施工単価コード番号,親施工数量
T0172      ,残土処分費（前田道路）                  ,,3,直工内の処分費等    ,―,V1001      ,20
T0172      ,残土処分費（前田道路）                  ,,3,直工内の処分費等    ,G0001      ,V0011      ,5
T0172      ,残土処分費（前田道路）                  ,,3,直工内の処分費等    ,G0001      ,V0013      ,0.1
T0210      ,残土処分費（ポートアイランド沖）        ,,3,直工内の処分費等    ,―,V0002      ,230
F1006      ,処分費                                  ,,3,直工内の処分費等    ,G0012      ,F1006      ,17.67
T0172      ,残土処分費（前田道路）                  ,,3,直工内の処分費等    ,―,V0011      ,542
T0231      ,残土処分費(㈱KBM(北区：神戸工場))       ,,3,直工内の処分費等    ,―,V0005      ,310
T0210      ,残土処分費（ポートアイランド沖）        ,,3,直工内の処分費等    ,―,V0003      ,3
,計,,,,,,0
,,0,,,,,0
