entry_date,exit_date,direction,entry_price,exit_price,result,pnl_pips,hold_candles,cumulative_pips
2025-10-01 02:55:00,2025-10-01 03:15:00,Short,150.55020322430912,150.5202032243091,TP,3.0,4,3.0
2025-10-01 07:40:00,2025-10-01 07:45:00,Long,150.13769946191067,150.16769946191067,TP,3.0,1,6.0
2025-10-01 08:40:00,2025-10-01 08:50:00,Long,150.0476009211454,150.0776009211454,TP,3.0,2,9.0
2025-10-01 12:50:00,2025-10-01 13:00:00,Long,150.3797736903675,150.4097736903675,TP,3.0,2,12.0
2025-10-01 15:25:00,2025-10-01 15:35:00,Long,150.4993841885319,150.5293841885319,TP,3.0,2,15.0
2025-10-01 21:50:00,2025-10-01 21:55:00,Short,150.4502361779145,150.4202361779145,TP,3.0,1,18.0
2025-10-01 22:00:00,2025-10-01 22:05:00,Short,150.42085179380743,150.39085179380743,TP,3.0,1,21.0
2025-10-02 00:25:00,2025-10-02 00:30:00,Short,150.45271161382217,150.42271161382217,TP,3.0,1,24.0
2025-10-02 02:05:00,2025-10-02 02:15:00,Long,149.82470539849626,149.85470539849626,TP,3.0,2,27.0
2025-10-02 06:10:00,2025-10-02 06:25:00,Short,150.1184727269043,150.08847272690429,TP,3.0,3,30.0
2025-10-02 07:10:00,2025-10-02 07:15:00,Short,150.20728208617712,150.17728208617712,TP,3.0,1,33.0
2025-10-02 08:10:00,2025-10-02 08:15:00,Long,150.09471666760606,150.12471666760607,TP,3.0,1,36.0
2025-10-02 08:45:00,2025-10-02 08:50:00,Short,150.34870337006583,150.31870337006583,TP,3.0,1,39.0
2025-10-02 12:25:00,2025-10-02 12:30:00,Long,149.0815924105765,149.1115924105765,TP,3.0,1,42.0
2025-10-02 15:10:00,2025-10-02 15:15:00,Long,149.22032606221939,149.2503260622194,TP,3.0,1,45.0
2025-10-02 17:55:00,2025-10-02 18:00:00,Short,149.70924634043874,149.67924634043874,TP,3.0,1,48.0
2025-10-02 21:20:00,2025-10-02 21:25:00,Short,150.14715110403486,150.11715110403486,TP,3.0,1,51.0
2025-10-02 23:00:00,2025-10-02 23:10:00,Long,149.99719692638465,150.02719692638465,TP,3.0,2,54.0
2025-10-03 01:20:00,2025-10-03 01:25:00,Long,149.53876128505104,149.56876128505104,TP,3.0,1,57.0
2025-10-03 04:45:00,2025-10-03 04:55:00,Long,149.17496723261908,149.20496723261908,TP,3.0,2,60.0
2025-10-03 06:00:00,2025-10-03 06:05:00,Long,149.13277917422596,149.16277917422596,TP,3.0,1,63.0
2025-10-03 07:25:00,2025-10-03 07:40:00,Long,148.78618187368536,148.81618187368537,TP,3.0,3,66.0
2025-10-03 14:10:00,2025-10-03 14:50:00,Short,148.15869462044006,148.12869462044006,TP,3.0,8,69.0
2025-10-03 15:40:00,2025-10-03 15:45:00,Long,147.9541503735586,147.9841503735586,TP,3.0,1,72.0
2025-10-03 17:50:00,2025-10-03 18:00:00,Short,148.44051026183905,148.41051026183905,TP,3.0,2,75.0
2025-10-03 20:40:00,2025-10-03 20:45:00,Short,147.92709086844584,147.89709086844584,TP,3.0,1,78.0
2025-10-03 21:05:00,2025-10-03 21:10:00,Long,147.86096538393497,147.89096538393497,TP,3.0,1,81.0
2025-10-03 22:50:00,2025-10-03 23:20:00,Short,148.2772973474416,148.2472973474416,TP,3.0,6,84.0
2025-10-04 02:25:00,2025-10-04 02:30:00,Long,147.46290929089193,147.49290929089193,TP,3.0,1,87.0
2025-10-04 06:10:00,2025-10-04 06:25:00,Short,147.94035274938562,147.91035274938562,TP,3.0,3,90.0
2025-10-04 07:20:00,2025-10-04 07:25:00,Short,148.12053449408145,148.09053449408145,TP,3.0,1,93.0
2025-10-04 07:45:00,2025-10-04 07:50:00,Short,148.2573429557677,148.2273429557677,TP,3.0,1,96.0
2025-10-04 12:45:00,2025-10-04 12:50:00,Long,147.99530410675084,148.02530410675084,TP,3.0,1,99.0
2025-10-04 16:30:00,2025-10-04 16:35:00,Long,147.14625425933244,147.17625425933244,TP,3.0,1,102.0
2025-10-04 18:40:00,2025-10-04 19:25:00,Short,147.19272977325974,147.49272977325975,SL,-30.0,9,72.0
2025-10-04 21:25:00,2025-10-04 21:40:00,Short,147.68097729375927,147.65097729375927,TP,3.0,3,75.0
2025-10-04 22:00:00,2025-10-04 22:10:00,Long,147.46307203721926,147.49307203721926,TP,3.0,2,78.0
2025-10-04 22:15:00,2025-10-04 22:35:00,Long,147.42117825833668,147.12117825833667,SL,-30.0,4,48.0
2025-10-05 01:10:00,2025-10-05 01:15:00,Long,147.04577343919786,147.07577343919786,TP,3.0,1,51.0
2025-10-05 11:10:00,2025-10-05 11:20:00,Short,146.9014335665125,146.8714335665125,TP,3.0,2,54.0
2025-10-06 10:20:00,2025-10-06 10:25:00,Short,145.64446038781014,145.61446038781014,TP,3.0,1,57.0
2025-10-06 11:00:00,2025-10-06 11:35:00,Long,145.1610031675677,144.8610031675677,SL,-30.0,7,27.0
2025-10-06 16:45:00,2025-10-06 16:50:00,Long,144.15035939593497,144.18035939593497,TP,3.0,1,30.0
2025-10-06 21:10:00,2025-10-06 21:15:00,Short,144.66615811623012,144.63615811623012,TP,3.0,1,33.0
2025-10-07 03:55:00,2025-10-07 05:55:00,Short,144.51214337742567,144.57319866807956,Time,-6.105529065388282,24,26.894470934611718
2025-10-07 06:35:00,2025-10-07 06:45:00,Short,144.6412792852061,144.6112792852061,TP,3.0,2,29.894470934611718
2025-10-07 06:55:00,2025-10-07 07:00:00,Short,144.733290163046,144.703290163046,TP,3.0,1,32.89447093461172
2025-10-07 07:35:00,2025-10-07 07:40:00,Short,144.7985679259675,144.7685679259675,TP,3.0,1,35.89447093461172
2025-10-07 08:05:00,2025-10-07 08:15:00,Short,144.97121580839922,144.94121580839922,TP,3.0,2,38.89447093461172
2025-10-07 11:05:00,2025-10-07 11:10:00,Long,145.15854656580595,145.18854656580595,TP,3.0,1,41.89447093461172
2025-10-07 11:30:00,2025-10-07 11:35:00,Short,145.1642339672889,145.1342339672889,TP,3.0,1,44.89447093461172
2025-10-07 12:05:00,2025-10-07 12:10:00,Short,145.28504642840755,145.25504642840755,TP,3.0,1,47.89447093461172
2025-10-07 15:35:00,2025-10-07 15:40:00,Short,145.90619534472427,145.87619534472427,TP,3.0,1,50.89447093461172
2025-10-07 21:45:00,2025-10-07 21:50:00,Short,145.6334633234078,145.6034633234078,TP,3.0,1,53.89447093461172
2025-10-07 22:05:00,2025-10-07 22:10:00,Short,145.6454466061718,145.6154466061718,TP,3.0,1,56.89447093461172
2025-10-07 23:50:00,2025-10-07 23:55:00,Long,145.44058699757983,145.47058699757983,TP,3.0,1,59.89447093461172
2025-10-08 05:20:00,2025-10-08 05:25:00,Short,146.1564766149839,146.1264766149839,TP,3.0,1,62.89447093461172
2025-10-08 07:10:00,2025-10-08 07:20:00,Short,146.09234622929742,146.06234622929742,TP,3.0,2,65.89447093461172
2025-10-08 08:35:00,2025-10-08 08:40:00,Long,145.9796155607125,146.0096155607125,TP,3.0,1,68.89447093461172
2025-10-08 08:45:00,2025-10-08 08:50:00,Long,145.9976873553649,146.0276873553649,TP,3.0,1,71.89447093461172
2025-10-08 10:45:00,2025-10-08 11:00:00,Long,146.60122770444696,146.63122770444696,TP,3.0,3,74.89447093461172
2025-10-08 11:50:00,2025-10-08 11:55:00,Short,146.98368790709412,146.95368790709412,TP,3.0,1,77.89447093461172
2025-10-08 13:45:00,2025-10-08 13:50:00,Long,146.98502843268696,147.01502843268696,TP,3.0,1,80.89447093461172
2025-10-08 15:30:00,2025-10-08 15:40:00,Long,146.56183122095828,146.59183122095828,TP,3.0,2,83.89447093461172
2025-10-08 19:30:00,2025-10-08 19:55:00,Short,147.04984210900332,147.01984210900332,TP,3.0,5,86.89447093461172
2025-10-08 21:05:00,2025-10-08 21:10:00,Short,147.28595509355213,147.25595509355213,TP,3.0,1,89.89447093461172
2025-10-08 21:15:00,2025-10-08 21:50:00,Short,147.4037506893898,147.3737506893898,TP,3.0,7,92.89447093461172
2025-10-08 22:55:00,2025-10-08 23:20:00,Short,147.6058543329934,147.9058543329934,SL,-30.0,5,62.89447093461172
2025-10-09 02:15:00,2025-10-09 02:20:00,Long,147.55946890647695,147.58946890647695,TP,3.0,1,65.89447093461172
2025-10-09 08:20:00,2025-10-09 08:25:00,Long,147.41642348462995,147.44642348462995,TP,3.0,1,68.89447093461172
2025-10-09 10:45:00,2025-10-09 10:50:00,Short,147.44889282585197,147.41889282585197,TP,3.0,1,71.89447093461172
2025-10-09 17:20:00,2025-10-09 17:25:00,Short,146.65160893194803,146.62160893194803,TP,3.0,1,74.89447093461172
2025-10-09 19:55:00,2025-10-09 20:50:00,Long,146.68528086802087,146.38528086802086,SL,-30.0,11,44.89447093461172
2025-10-09 21:45:00,2025-10-09 21:50:00,Short,146.63211913731928,146.60211913731928,TP,3.0,1,47.89447093461172
2025-10-09 22:05:00,2025-10-09 22:10:00,Short,146.74398996027347,146.71398996027347,TP,3.0,1,50.89447093461172
2025-10-09 22:45:00,2025-10-09 22:50:00,Short,146.72600615354935,146.69600615354935,TP,3.0,1,53.89447093461172
2025-10-09 23:00:00,2025-10-09 23:05:00,Short,146.77944298270882,146.7494429827088,TP,3.0,1,56.89447093461172
2025-10-09 23:15:00,2025-10-09 23:20:00,Long,146.21012208512965,146.24012208512966,TP,3.0,1,59.89447093461172
2025-10-10 02:00:00,2025-10-10 02:20:00,Short,146.9319653937373,146.9019653937373,TP,3.0,4,62.89447093461172
2025-10-10 05:30:00,2025-10-10 06:10:00,Short,146.81700275550332,146.78700275550332,TP,3.0,8,65.89447093461172
2025-10-10 15:55:00,2025-10-10 16:00:00,Long,147.207402471987,147.237402471987,TP,3.0,1,68.89447093461172
2025-10-10 18:00:00,2025-10-10 18:35:00,Short,147.54336358686368,147.51336358686368,TP,3.0,7,71.89447093461172
2025-10-10 20:40:00,2025-10-10 20:50:00,Short,147.9179768053414,148.2179768053414,SL,-30.0,2,41.89447093461172
2025-10-10 23:05:00,2025-10-10 23:25:00,Long,147.67952604670677,147.70952604670677,TP,3.0,4,44.89447093461172
2025-10-11 00:30:00,2025-10-11 00:35:00,Long,147.29133162925396,147.32133162925396,TP,3.0,1,47.89447093461172
2025-10-11 06:25:00,2025-10-11 06:30:00,Short,146.79645433453368,146.76645433453368,TP,3.0,1,50.89447093461172
2025-10-11 06:35:00,2025-10-11 06:40:00,Short,146.7662718563548,146.7362718563548,TP,3.0,1,53.89447093461172
2025-10-11 09:10:00,2025-10-11 09:35:00,Long,146.65256875947176,146.35256875947175,SL,-30.0,5,23.894470934611718
2025-10-11 17:25:00,2025-10-11 18:05:00,Long,145.48258835993397,145.51258835993397,TP,3.0,8,26.894470934611718
2025-10-11 19:45:00,2025-10-11 19:50:00,Short,146.094620253525,146.064620253525,TP,3.0,1,29.894470934611718
2025-10-11 21:25:00,2025-10-11 21:30:00,Short,146.51696277978692,146.48696277978692,TP,3.0,1,32.89447093461172
2025-10-12 07:10:00,2025-10-12 07:15:00,Long,145.99180636521302,146.02180636521302,TP,3.0,1,35.89447093461172
2025-10-12 08:05:00,2025-10-12 08:10:00,Long,145.59322279676346,145.62322279676346,TP,3.0,1,38.89447093461172
2025-10-12 13:00:00,2025-10-12 13:05:00,Long,145.9870396739538,146.0170396739538,TP,3.0,1,41.89447093461172
2025-10-12 13:40:00,2025-10-12 15:00:00,Long,146.0092934531111,145.7092934531111,SL,-30.0,16,11.894470934611718
2025-10-12 16:50:00,2025-10-12 16:55:00,Short,145.4110861107042,145.3810861107042,TP,3.0,1,14.894470934611718
2025-10-12 21:05:00,2025-10-12 21:10:00,Long,145.16031089247238,145.19031089247238,TP,3.0,1,17.894470934611718
2025-10-12 21:25:00,2025-10-12 21:30:00,Long,145.0375747609094,145.0675747609094,TP,3.0,1,20.894470934611718
2025-10-12 22:50:00,2025-10-12 22:55:00,Long,144.88746263941044,144.91746263941045,TP,3.0,1,23.894470934611718
2025-10-13 02:00:00,2025-10-13 02:05:00,Long,143.91991785684985,143.61991785684984,SL,-30.0,1,-6.105529065388282
2025-10-13 06:20:00,2025-10-13 06:25:00,Short,143.99077216220198,143.96077216220198,TP,3.0,1,-3.105529065388282
2025-10-13 08:25:00,2025-10-13 08:30:00,Short,144.19985634816632,144.16985634816632,TP,3.0,1,-0.1055290653882821
2025-10-13 08:40:00,2025-10-13 08:45:00,Short,144.16551996549728,144.13551996549728,TP,3.0,1,2.894470934611718
2025-10-13 13:15:00,2025-10-13 13:35:00,Long,145.03351425818687,145.06351425818687,TP,3.0,4,5.894470934611718
2025-10-13 20:40:00,2025-10-13 20:45:00,Long,143.64068745216403,143.67068745216403,TP,3.0,1,8.894470934611718
2025-10-13 21:30:00,2025-10-13 21:40:00,Short,144.21669409637107,144.18669409637107,TP,3.0,2,11.894470934611718
2025-10-14 01:25:00,2025-10-14 01:40:00,Short,144.25990286681537,144.22990286681537,TP,3.0,3,14.894470934611718
2025-10-14 01:45:00,2025-10-14 01:50:00,Long,144.17063670117818,144.20063670117818,TP,3.0,1,17.894470934611718
2025-10-14 01:55:00,2025-10-14 02:00:00,Long,144.01793308575859,144.0479330857586,TP,3.0,1,20.894470934611718
2025-10-14 06:50:00,2025-10-14 07:00:00,Long,143.42509097950634,143.45509097950634,TP,3.0,2,23.894470934611718
2025-10-14 08:15:00,2025-10-14 08:20:00,Short,143.79146301699566,143.76146301699566,TP,3.0,1,26.894470934611718
2025-10-14 09:40:00,2025-10-14 09:50:00,Short,143.87271969564088,143.84271969564088,TP,3.0,2,29.894470934611718
2025-10-14 15:35:00,2025-10-14 15:40:00,Long,143.4804093187629,143.5104093187629,TP,3.0,1,32.89447093461172
2025-10-14 17:05:00,2025-10-14 17:15:00,Long,143.23500310665452,143.26500310665452,TP,3.0,2,35.89447093461172
2025-10-14 20:50:00,2025-10-14 20:55:00,Long,143.04341972692322,143.07341972692322,TP,3.0,1,38.89447093461172
2025-10-15 03:30:00,2025-10-15 04:05:00,Short,142.27376640311167,142.24376640311166,TP,3.0,7,41.89447093461172
2025-10-15 05:15:00,2025-10-15 05:50:00,Short,142.2798187935203,142.2498187935203,TP,3.0,7,44.89447093461172
2025-10-15 06:20:00,2025-10-15 07:50:00,Short,142.5084676882317,142.4784676882317,TP,3.0,18,47.89447093461172
2025-10-15 08:25:00,2025-10-15 08:30:00,Long,142.28493043005287,142.31493043005287,TP,3.0,1,50.89447093461172
2025-10-15 20:50:00,2025-10-15 20:55:00,Short,140.8187930467614,140.7887930467614,TP,3.0,1,53.89447093461172
2025-10-15 21:00:00,2025-10-15 21:05:00,Short,140.95960180306224,140.92960180306224,TP,3.0,1,56.89447093461172
2025-10-15 22:20:00,2025-10-15 22:25:00,Long,140.44481417023562,140.47481417023562,TP,3.0,1,59.89447093461172
2025-10-16 00:05:00,2025-10-16 00:10:00,Short,140.36242726476914,140.33242726476914,TP,3.0,1,62.89447093461172
2025-10-16 02:45:00,2025-10-16 02:55:00,Long,139.78340238375267,139.81340238375267,TP,3.0,2,65.89447093461172
2025-10-16 06:05:00,2025-10-16 06:10:00,Long,139.63681233335217,139.66681233335217,TP,3.0,1,68.89447093461172
2025-10-16 06:15:00,2025-10-16 06:20:00,Long,139.6129690580612,139.6429690580612,TP,3.0,1,71.89447093461172
2025-10-16 06:55:00,2025-10-16 07:00:00,Short,139.90536985602557,139.87536985602557,TP,3.0,1,74.89447093461172
2025-10-16 09:00:00,2025-10-16 09:05:00,Long,139.65596066500441,139.68596066500442,TP,3.0,1,77.89447093461172
2025-10-16 09:45:00,2025-10-16 09:50:00,Short,139.72532511091973,139.69532511091973,TP,3.0,1,80.89447093461172
2025-10-16 10:10:00,2025-10-16 10:15:00,Short,139.67500155323486,139.64500155323486,TP,3.0,1,83.89447093461172
2025-10-16 10:30:00,2025-10-16 10:35:00,Long,139.7194428731366,139.7494428731366,TP,3.0,1,86.89447093461172
2025-10-16 10:50:00,2025-10-16 11:10:00,Short,139.73327989802576,139.70327989802576,TP,3.0,4,89.89447093461172
2025-10-16 11:45:00,2025-10-16 11:55:00,Short,139.78258745462924,139.75258745462924,TP,3.0,2,92.89447093461172
2025-10-16 12:00:00,2025-10-16 12:15:00,Short,139.8197610251945,139.7897610251945,TP,3.0,3,95.89447093461172
2025-10-16 17:20:00,2025-10-16 17:25:00,Short,140.82591311292862,140.79591311292862,TP,3.0,1,98.89447093461172
2025-10-16 17:35:00,2025-10-16 17:55:00,Short,140.80858445673658,140.77858445673658,TP,3.0,4,101.89447093461172
2025-10-16 20:00:00,2025-10-16 20:10:00,Long,140.81085390281098,140.84085390281098,TP,3.0,2,104.89447093461172
2025-10-17 10:20:00,2025-10-17 10:25:00,Short,140.5043440940722,140.4743440940722,TP,3.0,1,107.89447093461172
2025-10-17 12:25:00,2025-10-17 12:35:00,Long,139.9993416218773,140.0293416218773,TP,3.0,2,110.89447093461172
2025-10-17 19:45:00,2025-10-17 20:10:00,Long,140.60933587604467,140.63933587604467,TP,3.0,5,113.89447093461172
2025-10-17 20:55:00,2025-10-17 21:00:00,Short,140.66196373637018,140.63196373637018,TP,3.0,1,116.89447093461172
2025-10-17 21:45:00,2025-10-17 21:50:00,Long,140.46926891873505,140.49926891873505,TP,3.0,1,119.89447093461172
2025-10-18 05:45:00,2025-10-18 06:05:00,Short,140.31931855573785,140.28931855573785,TP,3.0,4,122.89447093461172
2025-10-18 06:15:00,2025-10-18 06:25:00,Short,140.53444744331736,140.50444744331736,TP,3.0,2,125.89447093461172
2025-10-18 08:10:00,2025-10-18 08:15:00,Short,140.91258212278333,140.88258212278333,TP,3.0,1,128.89447093461172
2025-10-18 13:40:00,2025-10-18 13:50:00,Long,140.25750663068544,140.28750663068544,TP,3.0,2,131.89447093461172
2025-10-18 15:30:00,2025-10-18 15:35:00,Long,140.35978180500084,140.38978180500084,TP,3.0,1,134.89447093461172
2025-10-18 15:45:00,2025-10-18 15:55:00,Long,140.2552904842075,140.2852904842075,TP,3.0,2,137.89447093461172
2025-10-18 19:10:00,2025-10-18 19:45:00,Short,139.58223679916514,139.55223679916514,TP,3.0,7,140.89447093461172
2025-10-18 21:05:00,2025-10-18 21:10:00,Long,139.44496800787655,139.47496800787656,TP,3.0,1,143.89447093461172
2025-10-18 21:20:00,2025-10-18 21:45:00,Short,139.54417729338405,139.84417729338406,SL,-30.0,5,113.89447093461172
2025-10-19 08:40:00,2025-10-19 08:45:00,Short,139.305032323667,139.275032323667,TP,3.0,1,116.89447093461172
2025-10-19 09:20:00,2025-10-19 09:25:00,Long,139.1995041753009,139.2295041753009,TP,3.0,1,119.89447093461172
2025-10-19 11:50:00,2025-10-19 11:55:00,Long,138.83504409220455,138.86504409220456,TP,3.0,1,122.89447093461172
2025-10-19 15:45:00,2025-10-19 15:50:00,Long,138.5090940575708,138.5390940575708,TP,3.0,1,125.89447093461172
2025-10-19 16:20:00,2025-10-19 16:25:00,Long,138.32907432650444,138.35907432650444,TP,3.0,1,128.89447093461172
2025-10-19 19:45:00,2025-10-19 19:50:00,Short,138.83851606860384,138.80851606860384,TP,3.0,1,131.89447093461172
2025-10-19 21:25:00,2025-10-19 21:50:00,Long,138.5370412620206,138.2370412620206,SL,-30.0,5,101.89447093461172
2025-10-19 23:30:00,2025-10-19 23:35:00,Short,138.3004593464943,138.2704593464943,TP,3.0,1,104.89447093461172
2025-10-19 23:55:00,2025-10-20 00:15:00,Short,138.3890690736127,138.3590690736127,TP,3.0,4,107.89447093461172
2025-10-20 05:10:00,2025-10-20 05:45:00,Long,138.56318471769328,138.59318471769328,TP,3.0,7,110.89447093461172
2025-10-20 05:55:00,2025-10-20 06:40:00,Short,138.62234956822374,138.92234956822375,SL,-30.0,9,80.89447093461172
2025-10-20 10:15:00,2025-10-20 10:20:00,Long,138.8600962860863,138.8900962860863,TP,3.0,1,83.89447093461172
2025-10-20 10:30:00,2025-10-20 10:35:00,Long,138.8735171481489,138.9035171481489,TP,3.0,1,86.89447093461172
2025-10-20 11:25:00,2025-10-20 11:35:00,Long,138.71956038823697,138.74956038823697,TP,3.0,2,89.89447093461172
2025-10-20 17:00:00,2025-10-20 17:10:00,Long,138.5854271040755,138.6154271040755,TP,3.0,2,92.89447093461172
2025-10-20 20:55:00,2025-10-20 21:05:00,Long,138.6861138211336,138.7161138211336,TP,3.0,2,95.89447093461172
2025-10-20 21:10:00,2025-10-20 21:20:00,Short,138.81372492356286,138.78372492356286,TP,3.0,2,98.89447093461172
2025-10-20 21:25:00,2025-10-20 21:30:00,Short,138.95766645277487,138.92766645277487,TP,3.0,1,101.89447093461172
2025-10-20 22:40:00,2025-10-20 22:50:00,Short,138.75180013656671,138.7218001365667,TP,3.0,2,104.89447093461172
2025-10-21 00:05:00,2025-10-21 00:10:00,Short,139.03670402061746,139.00670402061746,TP,3.0,1,107.89447093461172
2025-10-21 02:50:00,2025-10-21 02:55:00,Short,139.40133644562152,139.37133644562152,TP,3.0,1,110.89447093461172
2025-10-21 06:30:00,2025-10-21 06:45:00,Long,139.4740236258629,139.5040236258629,TP,3.0,3,113.89447093461172
2025-10-21 07:55:00,2025-10-21 08:00:00,Short,139.4918679819658,139.4618679819658,TP,3.0,1,116.89447093461172
2025-10-21 10:10:00,2025-10-21 10:25:00,Long,138.97577081306775,139.00577081306776,TP,3.0,3,119.89447093461172
2025-10-21 11:40:00,2025-10-21 11:45:00,Short,138.87018947954593,138.84018947954593,TP,3.0,1,122.89447093461172
2025-10-21 12:30:00,2025-10-21 14:30:00,Short,138.98696062538957,139.22087060120083,Time,-23.390997581125816,24,99.5034733534859
2025-10-21 20:45:00,2025-10-21 21:00:00,Long,139.07918523979575,138.77918523979574,SL,-30.0,3,69.5034733534859
2025-10-21 21:05:00,2025-10-21 21:10:00,Long,138.88287491885274,138.91287491885274,TP,3.0,1,72.5034733534859
2025-10-22 09:00:00,2025-10-22 09:05:00,Short,138.565809952744,138.535809952744,TP,3.0,1,75.5034733534859
2025-10-22 09:10:00,2025-10-22 09:15:00,Long,138.45364551265146,138.48364551265146,TP,3.0,1,78.5034733534859
2025-10-22 17:30:00,2025-10-22 17:35:00,Long,137.84811134549514,137.87811134549514,TP,3.0,1,81.5034733534859
2025-10-22 20:30:00,2025-10-22 21:00:00,Long,137.1430040123913,137.1730040123913,TP,3.0,6,84.5034733534859
2025-10-22 22:30:00,2025-10-22 22:40:00,Long,136.92549967199363,136.95549967199364,TP,3.0,2,87.5034733534859
2025-10-23 01:55:00,2025-10-23 02:05:00,Long,136.8540377669457,136.8840377669457,TP,3.0,2,90.5034733534859
2025-10-23 02:35:00,2025-10-23 02:40:00,Short,137.28045040512964,137.25045040512964,TP,3.0,1,93.5034733534859
2025-10-23 06:10:00,2025-10-23 06:30:00,Short,137.56074313001588,137.53074313001588,TP,3.0,4,96.5034733534859
2025-10-23 06:35:00,2025-10-23 06:55:00,Short,137.5566849141288,137.5266849141288,TP,3.0,4,99.5034733534859
2025-10-23 07:05:00,2025-10-23 07:10:00,Long,137.30747670013542,137.33747670013543,TP,3.0,1,102.5034733534859
2025-10-23 07:15:00,2025-10-23 07:20:00,Long,137.25904601674986,137.28904601674986,TP,3.0,1,105.5034733534859
2025-10-23 09:45:00,2025-10-23 10:05:00,Short,137.46031576509057,137.43031576509057,TP,3.0,4,108.5034733534859
2025-10-23 14:15:00,2025-10-23 14:25:00,Short,138.61442353002718,138.58442353002718,TP,3.0,2,111.5034733534859
2025-10-23 15:00:00,2025-10-23 15:10:00,Long,138.38256132824895,138.41256132824896,TP,3.0,2,114.5034733534859
2025-10-23 16:35:00,2025-10-23 16:40:00,Short,138.52920064125203,138.49920064125203,TP,3.0,1,117.5034733534859
2025-10-23 16:50:00,2025-10-23 16:55:00,Short,138.65949771020135,138.62949771020135,TP,3.0,1,120.5034733534859
2025-10-23 17:50:00,2025-10-23 18:05:00,Short,138.76134828393435,138.73134828393435,TP,3.0,3,123.5034733534859
2025-10-23 21:05:00,2025-10-23 21:10:00,Short,139.26005344997282,139.23005344997281,TP,3.0,1,126.5034733534859
2025-10-23 21:20:00,2025-10-23 21:25:00,Short,139.14384991202348,139.11384991202348,TP,3.0,1,129.5034733534859
2025-10-23 22:40:00,2025-10-23 22:45:00,Long,138.71709165041528,138.74709165041529,TP,3.0,1,132.5034733534859
2025-10-24 02:35:00,2025-10-24 02:40:00,Long,138.89981038763656,138.92981038763656,TP,3.0,1,135.5034733534859
2025-10-24 08:15:00,2025-10-24 08:40:00,Short,139.116220241561,139.416220241561,SL,-30.0,5,105.5034733534859
2025-10-24 12:40:00,2025-10-24 12:45:00,Long,138.727236323172,138.757236323172,TP,3.0,1,108.5034733534859
2025-10-24 16:55:00,2025-10-24 17:00:00,Short,138.23789779869318,138.20789779869318,TP,3.0,1,111.5034733534859
2025-10-24 17:45:00,2025-10-24 17:50:00,Short,138.26203664158092,138.23203664158092,TP,3.0,1,114.5034733534859
2025-10-24 20:40:00,2025-10-24 20:45:00,Short,138.29265292353725,138.26265292353725,TP,3.0,1,117.5034733534859
2025-10-24 20:50:00,2025-10-24 21:00:00,Long,138.08692684553068,138.11692684553068,TP,3.0,2,120.5034733534859
2025-10-24 21:10:00,2025-10-24 21:15:00,Long,137.67238164242414,137.70238164242414,TP,3.0,1,123.5034733534859
2025-10-25 08:55:00,2025-10-25 09:00:00,Long,138.49002744218583,138.52002744218584,TP,3.0,1,126.5034733534859
2025-10-25 09:10:00,2025-10-25 09:15:00,Long,138.35502274587904,138.38502274587904,TP,3.0,1,129.5034733534859
2025-10-25 15:20:00,2025-10-25 15:30:00,Short,138.25168669152956,138.22168669152956,TP,3.0,2,132.5034733534859
2025-10-25 18:10:00,2025-10-25 18:15:00,Short,138.18127740143177,138.15127740143177,TP,3.0,1,135.5034733534859
2025-10-25 21:05:00,2025-10-25 21:20:00,Short,138.13398738655536,138.10398738655536,TP,3.0,3,138.5034733534859
2025-10-25 23:35:00,2025-10-25 23:40:00,Long,137.93959612024133,137.96959612024133,TP,3.0,1,141.5034733534859
2025-10-25 23:45:00,2025-10-25 23:50:00,Long,137.74545373635488,137.77545373635488,TP,3.0,1,144.5034733534859
2025-10-26 01:15:00,2025-10-26 02:55:00,Short,137.77757285027099,138.077572850271,SL,-30.0,20,114.5034733534859
2025-10-26 05:40:00,2025-10-26 06:00:00,Short,137.9300388721225,137.9000388721225,TP,3.0,4,117.5034733534859
2025-10-26 07:55:00,2025-10-26 08:00:00,Short,137.6274086306417,137.5974086306417,TP,3.0,1,120.5034733534859
2025-10-26 13:45:00,2025-10-26 14:00:00,Short,137.12540357496744,137.09540357496743,TP,3.0,3,123.5034733534859
2025-10-26 16:00:00,2025-10-26 16:05:00,Long,136.69110371903506,136.72110371903506,TP,3.0,1,126.5034733534859
2025-10-26 16:10:00,2025-10-26 16:20:00,Long,136.63049274111046,136.66049274111046,TP,3.0,2,129.5034733534859
2025-10-26 23:50:00,2025-10-26 23:55:00,Long,137.36821445478137,137.39821445478137,TP,3.0,1,132.5034733534859
2025-10-27 05:50:00,2025-10-27 06:10:00,Short,137.12300985526582,137.09300985526582,TP,3.0,4,135.5034733534859
2025-10-27 06:50:00,2025-10-27 07:30:00,Short,137.28990728045244,137.25990728045244,TP,3.0,8,138.5034733534859
2025-10-27 10:35:00,2025-10-27 10:45:00,Short,137.9025370658038,137.8725370658038,TP,3.0,2,141.5034733534859
2025-10-27 13:45:00,2025-10-27 14:10:00,Short,137.7726815889926,137.7426815889926,TP,3.0,5,144.5034733534859
2025-10-27 15:20:00,2025-10-27 15:30:00,Long,137.60343920760602,137.63343920760602,TP,3.0,2,147.5034733534859
2025-10-28 02:45:00,2025-10-28 02:50:00,Long,139.5251832486903,139.5551832486903,TP,3.0,1,150.5034733534859
2025-10-28 05:40:00,2025-10-28 06:35:00,Short,139.6991001094593,139.6691001094593,TP,3.0,11,153.5034733534859
2025-10-28 06:55:00,2025-10-28 08:10:00,Short,139.90589184920918,140.2058918492092,SL,-30.0,15,123.5034733534859
2025-10-28 14:55:00,2025-10-28 15:00:00,Short,140.63848618311036,140.60848618311036,TP,3.0,1,126.5034733534859
2025-10-29 06:15:00,2025-10-29 06:25:00,Short,141.2562059569456,141.2262059569456,TP,3.0,2,129.5034733534859
2025-10-29 19:10:00,2025-10-29 19:30:00,Long,141.60652255832528,141.63652255832528,TP,3.0,4,132.5034733534859
2025-10-29 20:25:00,2025-10-29 20:40:00,Long,141.31309021825274,141.34309021825274,TP,3.0,3,135.5034733534859
2025-10-29 21:05:00,2025-10-29 21:25:00,Long,141.31998347794868,141.34998347794868,TP,3.0,4,138.5034733534859
2025-10-29 23:45:00,2025-10-29 23:50:00,Short,141.79134411005774,141.76134411005773,TP,3.0,1,141.5034733534859
2025-10-29 23:55:00,2025-10-30 00:10:00,Short,141.88524162474798,141.85524162474798,TP,3.0,3,144.5034733534859
2025-10-30 02:55:00,2025-10-30 03:20:00,Short,142.14381133265096,142.11381133265095,TP,3.0,5,147.5034733534859
2025-10-30 06:05:00,2025-10-30 06:20:00,Short,142.41845132879828,142.38845132879828,TP,3.0,3,150.5034733534859
2025-10-30 06:40:00,2025-10-30 06:45:00,Long,142.20543626130342,142.23543626130342,TP,3.0,1,153.5034733534859
2025-10-30 08:20:00,2025-10-30 09:25:00,Short,142.3005905516728,142.2705905516728,TP,3.0,13,156.5034733534859
2025-10-30 12:15:00,2025-10-30 12:35:00,Long,142.75356190470862,142.78356190470862,TP,3.0,4,159.5034733534859
2025-10-30 13:35:00,2025-10-30 13:40:00,Long,142.50946870311557,142.53946870311557,TP,3.0,1,162.5034733534859
2025-10-30 15:55:00,2025-10-30 16:00:00,Long,141.9766504743761,142.0066504743761,TP,3.0,1,165.5034733534859
2025-10-30 23:25:00,2025-10-30 23:50:00,Long,142.48313001887357,142.51313001887357,TP,3.0,5,168.5034733534859
2025-10-31 02:05:00,2025-10-31 02:20:00,Short,142.7241858458183,142.6941858458183,TP,3.0,3,171.5034733534859
2025-10-31 05:05:00,2025-10-31 05:30:00,Long,142.7627412242548,142.7927412242548,TP,3.0,5,174.5034733534859
2025-10-31 06:10:00,2025-10-31 06:15:00,Short,142.88709171081328,142.85709171081328,TP,3.0,1,177.5034733534859
2025-10-31 13:55:00,2025-10-31 14:00:00,Short,143.13163703506808,143.10163703506808,TP,3.0,1,180.5034733534859
2025-10-31 22:15:00,2025-10-31 22:20:00,Long,144.5434457208996,144.5734457208996,TP,3.0,1,183.5034733534859
2025-11-01 06:15:00,2025-11-01 06:25:00,Short,145.74916314252508,145.71916314252508,TP,3.0,2,186.5034733534859
2025-11-01 12:15:00,2025-11-01 12:20:00,Short,145.70092388052643,145.67092388052643,TP,3.0,1,189.5034733534859
2025-11-01 17:40:00,2025-11-01 17:45:00,Short,144.56203214492265,144.53203214492265,TP,3.0,1,192.5034733534859
2025-11-01 19:45:00,2025-11-01 20:05:00,Long,144.3301949393452,144.3601949393452,TP,3.0,4,195.5034733534859
2025-11-02 00:50:00,2025-11-02 01:00:00,Short,144.96014587765592,144.93014587765592,TP,3.0,2,198.5034733534859
2025-11-02 01:40:00,2025-11-02 01:50:00,Short,144.96756058811428,144.93756058811428,TP,3.0,2,201.5034733534859
2025-11-02 02:40:00,2025-11-02 02:45:00,Long,144.5558437666279,144.5858437666279,TP,3.0,1,204.5034733534859
2025-11-02 05:55:00,2025-11-02 06:20:00,Long,144.44183870435256,144.47183870435256,TP,3.0,5,207.5034733534859
2025-11-02 09:20:00,2025-11-02 09:25:00,Long,144.33704704040798,144.36704704040798,TP,3.0,1,210.5034733534859
2025-11-02 13:15:00,2025-11-02 13:20:00,Short,144.34009561095837,144.31009561095837,TP,3.0,1,213.5034733534859
2025-11-02 15:55:00,2025-11-02 16:00:00,Long,144.60869634397147,144.63869634397147,TP,3.0,1,216.5034733534859
2025-11-02 16:25:00,2025-11-02 16:30:00,Long,144.4248346937601,144.4548346937601,TP,3.0,1,219.5034733534859
2025-11-02 21:40:00,2025-11-02 22:05:00,Long,144.18660811336855,144.21660811336855,TP,3.0,5,222.5034733534859
2025-11-02 23:20:00,2025-11-02 23:25:00,Long,143.8319175996394,143.8619175996394,TP,3.0,1,225.5034733534859
2025-11-03 01:50:00,2025-11-03 02:15:00,Long,143.65133797220255,143.68133797220256,TP,3.0,5,228.5034733534859
2025-11-03 07:15:00,2025-11-03 07:20:00,Long,143.6664673044151,143.6964673044151,TP,3.0,1,231.5034733534859
2025-11-03 07:30:00,2025-11-03 08:00:00,Short,143.77601931104047,144.07601931104048,SL,-30.0,6,201.5034733534859
2025-11-03 13:20:00,2025-11-03 13:25:00,Short,143.67871533137202,143.64871533137202,TP,3.0,1,204.5034733534859
2025-11-03 21:05:00,2025-11-03 21:10:00,Long,144.48133819476865,144.51133819476865,TP,3.0,1,207.5034733534859
2025-11-03 21:15:00,2025-11-03 21:20:00,Long,144.16664334907946,144.19664334907947,TP,3.0,1,210.5034733534859
2025-11-04 01:20:00,2025-11-04 01:30:00,Short,144.5935824027786,144.5635824027786,TP,3.0,2,213.5034733534859
2025-11-04 02:25:00,2025-11-04 02:35:00,Long,144.31357581172236,144.34357581172236,TP,3.0,2,216.5034733534859
2025-11-04 06:30:00,2025-11-04 07:10:00,Long,143.9867957121767,143.6867957121767,SL,-30.0,8,186.5034733534859
2025-11-04 10:45:00,2025-11-04 10:55:00,Short,143.83285328983027,143.80285328983027,TP,3.0,2,189.5034733534859
2025-11-04 12:00:00,2025-11-04 12:05:00,Short,144.08558158663897,144.05558158663897,TP,3.0,1,192.5034733534859
2025-11-04 14:40:00,2025-11-04 14:45:00,Long,143.57116449124348,143.60116449124348,TP,3.0,1,195.5034733534859
2025-11-04 15:00:00,2025-11-04 15:05:00,Short,143.8375934109244,143.8075934109244,TP,3.0,1,198.5034733534859
2025-11-04 15:45:00,2025-11-04 15:50:00,Short,143.8527931098574,143.8227931098574,TP,3.0,1,201.5034733534859
2025-11-04 20:45:00,2025-11-04 21:10:00,Short,144.18415356591012,144.48415356591013,SL,-30.0,5,171.5034733534859
2025-11-05 03:40:00,2025-11-05 03:50:00,Long,144.88605897268297,144.91605897268298,TP,3.0,2,174.5034733534859
2025-11-05 06:05:00,2025-11-05 06:20:00,Short,144.98636461992567,144.95636461992567,TP,3.0,3,177.5034733534859
2025-11-05 10:15:00,2025-11-05 10:25:00,Short,145.47363048456194,145.44363048456194,TP,3.0,2,180.5034733534859
2025-11-05 10:45:00,2025-11-05 10:50:00,Long,145.38533838107057,145.41533838107057,TP,3.0,1,183.5034733534859
2025-11-05 10:55:00,2025-11-05 11:05:00,Long,145.1084770739477,145.1384770739477,TP,3.0,2,186.5034733534859
2025-11-05 13:50:00,2025-11-05 15:10:00,Long,145.11287389071845,145.14287389071845,TP,3.0,16,189.5034733534859
2025-11-05 15:25:00,2025-11-05 15:30:00,Long,144.78912274873596,144.81912274873596,TP,3.0,1,192.5034733534859
2025-11-05 19:25:00,2025-11-05 19:55:00,Long,144.5079427449423,144.2079427449423,SL,-30.0,6,162.5034733534859
2025-11-05 21:40:00,2025-11-05 21:45:00,Long,144.24098887409022,144.27098887409022,TP,3.0,1,165.5034733534859
2025-11-05 21:50:00,2025-11-05 22:00:00,Long,144.1355548548778,144.1655548548778,TP,3.0,2,168.5034733534859
2025-11-05 22:15:00,2025-11-05 22:40:00,Long,143.87501540568329,143.57501540568327,SL,-30.0,5,138.5034733534859
2025-11-06 01:35:00,2025-11-06 01:40:00,Long,143.4319419801233,143.4619419801233,TP,3.0,1,141.5034733534859
2025-11-06 02:10:00,2025-11-06 02:30:00,Long,143.27551150581954,143.30551150581954,TP,3.0,4,144.5034733534859
2025-11-06 04:15:00,2025-11-06 04:25:00,Short,143.43267071015805,143.40267071015805,TP,3.0,2,147.5034733534859
2025-11-06 05:35:00,2025-11-06 05:45:00,Short,143.43927295244018,143.40927295244018,TP,3.0,2,150.5034733534859
2025-11-06 06:15:00,2025-11-06 07:00:00,Long,143.1326414305736,142.8326414305736,SL,-30.0,9,120.5034733534859
2025-11-06 09:50:00,2025-11-06 09:55:00,Long,142.43884732896277,142.46884732896277,TP,3.0,1,123.5034733534859
2025-11-06 13:00:00,2025-11-06 13:10:00,Long,142.0639178634289,142.0939178634289,TP,3.0,2,126.5034733534859
2025-11-06 14:05:00,2025-11-06 15:05:00,Short,142.2157535587833,142.1857535587833,TP,3.0,12,129.5034733534859
2025-11-06 17:25:00,2025-11-06 17:30:00,Long,142.14495102033874,142.17495102033874,TP,3.0,1,132.5034733534859
2025-11-06 18:50:00,2025-11-06 18:55:00,Long,141.94921673174835,141.97921673174835,TP,3.0,1,135.5034733534859
2025-11-06 19:50:00,2025-11-06 19:55:00,Long,141.7955379720813,141.8255379720813,TP,3.0,1,138.5034733534859
2025-11-06 21:45:00,2025-11-06 21:50:00,Long,141.71410064193668,141.74410064193668,TP,3.0,1,141.5034733534859
2025-11-06 22:20:00,2025-11-06 22:30:00,Long,141.38877491729625,141.41877491729625,TP,3.0,2,144.5034733534859
2025-11-07 01:40:00,2025-11-07 02:40:00,Long,140.72187417705976,140.42187417705975,SL,-30.0,12,114.5034733534859
2025-11-07 08:00:00,2025-11-07 08:05:00,Short,140.7940695188631,140.7640695188631,TP,3.0,1,117.5034733534859
2025-11-07 11:55:00,2025-11-07 12:00:00,Long,140.77221026514863,140.80221026514863,TP,3.0,1,120.5034733534859
2025-11-07 15:15:00,2025-11-07 15:20:00,Long,140.79881007953747,140.82881007953748,TP,3.0,1,123.5034733534859
2025-11-07 20:30:00,2025-11-07 20:35:00,Long,140.5059430961887,140.5359430961887,TP,3.0,1,126.5034733534859
2025-11-07 21:05:00,2025-11-07 22:00:00,Long,140.31935713191538,140.01935713191537,SL,-30.0,11,96.5034733534859
2025-11-08 03:35:00,2025-11-08 03:50:00,Short,140.5944462188353,140.5644462188353,TP,3.0,3,99.5034733534859
2025-11-08 06:35:00,2025-11-08 06:50:00,Short,140.52916871418947,140.82916871418948,SL,-30.0,3,69.5034733534859
2025-11-08 08:15:00,2025-11-08 08:25:00,Long,140.5671883392799,140.5971883392799,TP,3.0,2,72.5034733534859
2025-11-08 19:00:00,2025-11-08 19:05:00,Long,139.61910615809762,139.64910615809762,TP,3.0,1,75.5034733534859
2025-11-08 20:05:00,2025-11-08 20:35:00,Long,139.57209181968156,139.60209181968156,TP,3.0,6,78.5034733534859
2025-11-08 23:05:00,2025-11-08 23:10:00,Short,139.59864130632775,139.56864130632775,TP,3.0,1,81.5034733534859
2025-11-08 23:40:00,2025-11-09 00:00:00,Short,139.63676215629067,139.60676215629067,TP,3.0,4,84.5034733534859
2025-11-09 00:10:00,2025-11-09 00:25:00,Long,139.3992029260147,139.0992029260147,SL,-30.0,3,54.5034733534859
2025-11-09 13:00:00,2025-11-09 13:10:00,Long,140.2450328030248,140.2750328030248,TP,3.0,2,57.5034733534859
2025-11-09 13:15:00,2025-11-09 13:30:00,Long,140.17068743543143,140.20068743543143,TP,3.0,3,60.5034733534859
2025-11-09 14:45:00,2025-11-09 14:55:00,Short,140.2747584025633,140.2447584025633,TP,3.0,2,63.5034733534859
2025-11-09 15:00:00,2025-11-09 15:05:00,Short,140.25931439892685,140.22931439892685,TP,3.0,1,66.5034733534859
2025-11-09 15:35:00,2025-11-09 15:45:00,Long,140.0437163778325,140.0737163778325,TP,3.0,2,69.5034733534859
2025-11-09 21:25:00,2025-11-09 21:30:00,Short,140.44051138623166,140.41051138623166,TP,3.0,1,72.5034733534859
2025-11-10 01:45:00,2025-11-10 01:50:00,Long,140.4365695268657,140.4665695268657,TP,3.0,1,75.5034733534859
2025-11-10 05:00:00,2025-11-10 06:50:00,Long,140.52841271025298,140.22841271025297,SL,-30.0,22,45.5034733534859
2025-11-10 08:50:00,2025-11-10 08:55:00,Long,140.11375399315196,140.14375399315196,TP,3.0,1,48.5034733534859
2025-11-10 09:05:00,2025-11-10 09:10:00,Short,140.295614336038,140.265614336038,TP,3.0,1,51.5034733534859
2025-11-10 09:15:00,2025-11-10 09:20:00,Short,140.34897107177247,140.31897107177247,TP,3.0,1,54.5034733534859
2025-11-10 09:25:00,2025-11-10 09:50:00,Short,140.30144448055609,140.6014444805561,SL,-30.0,5,24.5034733534859
2025-11-10 15:10:00,2025-11-10 15:30:00,Long,140.3762276133526,140.0762276133526,SL,-30.0,4,-5.4965266465140985
2025-11-11 06:20:00,2025-11-11 06:25:00,Long,140.61048133977724,140.64048133977724,TP,3.0,1,-2.4965266465140985
2025-11-11 13:55:00,2025-11-11 14:10:00,Short,141.16645548895121,141.1364554889512,TP,3.0,3,0.5034733534859015
2025-11-11 16:10:00,2025-11-11 16:15:00,Short,141.4956679061342,141.4656679061342,TP,3.0,1,3.5034733534859015
2025-11-11 16:30:00,2025-11-11 17:30:00,Short,141.5579379901051,141.5279379901051,TP,3.0,12,6.5034733534859015
2025-11-11 19:10:00,2025-11-11 19:15:00,Long,141.31209481038405,141.34209481038405,TP,3.0,1,9.503473353485901
2025-11-12 02:05:00,2025-11-12 02:10:00,Long,140.925082739202,140.955082739202,TP,3.0,1,12.503473353485901
2025-11-12 06:30:00,2025-11-12 06:35:00,Long,140.5519090423963,140.5819090423963,TP,3.0,1,15.503473353485901
2025-11-12 07:10:00,2025-11-12 07:40:00,Long,140.25638468524767,140.28638468524767,TP,3.0,6,18.5034733534859
2025-11-12 11:15:00,2025-11-12 11:40:00,Long,140.42559463009198,140.45559463009198,TP,3.0,5,21.5034733534859
2025-11-12 13:15:00,2025-11-12 13:40:00,Long,140.0384869678029,139.73848696780288,SL,-30.0,5,-8.496526646514099
2025-11-12 15:55:00,2025-11-12 16:00:00,Short,140.248438316888,140.218438316888,TP,3.0,1,-5.4965266465140985
2025-11-12 16:55:00,2025-11-12 17:10:00,Short,140.2666854123343,140.2366854123343,TP,3.0,3,-2.4965266465140985
2025-11-12 23:00:00,2025-11-12 23:15:00,Long,139.6845429068403,139.7145429068403,TP,3.0,3,0.5034733534859015
2025-11-13 02:40:00,2025-11-13 02:55:00,Long,139.41241162279036,139.44241162279036,TP,3.0,3,3.5034733534859015
2025-11-13 08:15:00,2025-11-13 08:45:00,Short,139.80144226404732,140.10144226404734,SL,-30.0,6,-26.4965266465141
2025-11-13 11:30:00,2025-11-13 11:40:00,Long,140.12435952071453,140.15435952071454,TP,3.0,2,-23.4965266465141
2025-11-13 23:05:00,2025-11-13 23:10:00,Short,139.137759279016,139.107759279016,TP,3.0,1,-20.4965266465141
2025-11-13 23:15:00,2025-11-13 23:25:00,Short,139.34304124254336,139.31304124254336,TP,3.0,2,-17.4965266465141
2025-11-14 04:35:00,2025-11-14 04:40:00,Long,139.7011703209588,139.7311703209588,TP,3.0,1,-14.496526646514099
2025-11-14 05:05:00,2025-11-14 05:25:00,Long,139.76167382466528,139.79167382466528,TP,3.0,4,-11.496526646514099
2025-11-14 07:00:00,2025-11-14 07:40:00,Long,139.51975363049002,139.54975363049002,TP,3.0,8,-8.496526646514099
2025-11-14 12:55:00,2025-11-14 13:00:00,Short,138.77033263535185,138.74033263535185,TP,3.0,1,-5.4965266465140985
2025-11-14 14:10:00,2025-11-14 14:15:00,Long,138.5763288438151,138.6063288438151,TP,3.0,1,-2.4965266465140985
2025-11-14 16:15:00,2025-11-14 16:20:00,Short,138.6672079995125,138.6372079995125,TP,3.0,1,0.5034733534859015
2025-11-14 17:30:00,2025-11-14 18:00:00,Long,138.6491503039489,138.34915030394887,SL,-30.0,6,-29.4965266465141
2025-11-14 19:45:00,2025-11-14 20:30:00,Long,137.954298082065,137.654298082065,SL,-30.0,9,-59.4965266465141
2025-11-15 06:05:00,2025-11-15 06:20:00,Short,137.70322119076138,137.67322119076138,TP,3.0,3,-56.4965266465141
2025-11-15 09:05:00,2025-11-15 09:10:00,Short,137.8995035568592,137.8695035568592,TP,3.0,1,-53.4965266465141
2025-11-15 11:55:00,2025-11-15 12:00:00,Short,138.03947891370527,138.00947891370527,TP,3.0,1,-50.4965266465141
2025-11-15 13:25:00,2025-11-15 13:30:00,Short,138.24739162995957,138.21739162995956,TP,3.0,1,-47.4965266465141
2025-11-15 17:45:00,2025-11-15 17:50:00,Long,137.17965623595202,137.20965623595202,TP,3.0,1,-44.4965266465141
2025-11-15 20:25:00,2025-11-15 20:30:00,Short,137.45669500642757,137.42669500642756,TP,3.0,1,-41.4965266465141
2025-11-15 21:00:00,2025-11-15 21:05:00,Long,137.029699563697,137.059699563697,TP,3.0,1,-38.4965266465141
2025-11-16 02:15:00,2025-11-16 02:25:00,Short,136.93649816336267,136.90649816336267,TP,3.0,2,-35.4965266465141
2025-11-16 02:30:00,2025-11-16 02:35:00,Short,137.07279190385617,137.04279190385617,TP,3.0,1,-32.4965266465141
2025-11-16 18:10:00,2025-11-16 18:15:00,Long,137.55893513285815,137.58893513285815,TP,3.0,1,-29.4965266465141
2025-11-16 18:30:00,2025-11-16 19:10:00,Long,137.48107124946614,137.18107124946613,SL,-30.0,8,-59.4965266465141
2025-11-16 21:15:00,2025-11-16 21:20:00,Short,137.6334642630289,137.6034642630289,TP,3.0,1,-56.4965266465141
2025-11-16 22:40:00,2025-11-16 22:55:00,Short,137.628260020189,137.598260020189,TP,3.0,3,-53.4965266465141
2025-11-16 23:10:00,2025-11-16 23:15:00,Short,137.91496236188178,137.88496236188178,TP,3.0,1,-50.4965266465141
2025-11-17 04:35:00,2025-11-17 06:10:00,Long,137.55130409684895,137.58130409684895,TP,3.0,19,-47.4965266465141
2025-11-17 09:05:00,2025-11-17 09:10:00,Short,137.99175401693063,137.96175401693063,TP,3.0,1,-44.4965266465141
2025-11-17 10:30:00,2025-11-17 10:45:00,Short,138.2457719744935,138.2157719744935,TP,3.0,3,-41.4965266465141
2025-11-17 17:30:00,2025-11-17 17:35:00,Long,138.4834095687004,138.5134095687004,TP,3.0,1,-38.4965266465141
2025-11-17 23:30:00,2025-11-17 23:35:00,Long,137.39341781093964,137.42341781093964,TP,3.0,1,-35.4965266465141
2025-11-18 21:00:00,2025-11-18 21:25:00,Long,137.08840653392429,136.78840653392427,SL,-30.0,5,-65.4965266465141
2025-11-18 21:35:00,2025-11-18 21:55:00,Long,136.74000334226812,136.77000334226813,TP,3.0,4,-62.4965266465141
2025-11-19 06:05:00,2025-11-19 06:10:00,Short,136.9152401933683,136.8852401933683,TP,3.0,1,-59.4965266465141
2025-11-19 09:05:00,2025-11-19 10:15:00,Short,136.9887610341868,137.28876103418682,SL,-30.0,14,-89.4965266465141
2025-11-19 11:10:00,2025-11-19 11:15:00,Long,136.98808169943254,137.01808169943254,TP,3.0,1,-86.4965266465141
2025-11-19 15:40:00,2025-11-19 15:45:00,Long,136.68988432190565,136.71988432190565,TP,3.0,1,-83.4965266465141
2025-11-19 17:20:00,2025-11-19 17:25:00,Long,136.51304988583092,136.54304988583092,TP,3.0,1,-80.4965266465141
2025-11-19 17:55:00,2025-11-19 18:05:00,Short,136.96426799750586,136.93426799750586,TP,3.0,2,-77.4965266465141
2025-11-19 20:10:00,2025-11-19 20:15:00,Long,136.74452186783236,136.77452186783236,TP,3.0,1,-74.4965266465141
2025-11-19 20:35:00,2025-11-19 20:40:00,Short,136.97588094463202,136.94588094463202,TP,3.0,1,-71.4965266465141
2025-11-20 01:45:00,2025-11-20 01:50:00,Short,137.14344652620184,137.11344652620184,TP,3.0,1,-68.4965266465141
2025-11-20 06:50:00,2025-11-20 06:55:00,Long,137.03753644010445,137.06753644010445,TP,3.0,1,-65.4965266465141
2025-11-20 07:05:00,2025-11-20 07:10:00,Long,136.99925562312714,137.02925562312714,TP,3.0,1,-62.4965266465141
2025-11-20 08:05:00,2025-11-20 08:10:00,Short,137.2746402816969,137.2446402816969,TP,3.0,1,-59.4965266465141
2025-11-20 14:45:00,2025-11-20 15:00:00,Short,136.6486817016133,136.6186817016133,TP,3.0,3,-56.4965266465141
2025-11-20 16:50:00,2025-11-20 16:55:00,Short,136.73105603842143,136.70105603842143,TP,3.0,1,-53.4965266465141
2025-11-20 17:30:00,2025-11-20 17:35:00,Short,136.86411769207547,136.83411769207547,TP,3.0,1,-50.4965266465141
2025-11-20 18:35:00,2025-11-20 18:40:00,Short,136.85121142262793,136.82121142262793,TP,3.0,1,-47.4965266465141
2025-11-20 18:45:00,2025-11-20 18:50:00,Short,137.00019865453172,136.9701986545317,TP,3.0,1,-44.4965266465141
2025-11-20 21:45:00,2025-11-20 22:10:00,Long,136.5304204026363,136.2304204026363,SL,-30.0,5,-74.4965266465141
2025-11-20 23:35:00,2025-11-20 23:45:00,Long,135.87978753107345,135.90978753107345,TP,3.0,2,-71.4965266465141
2025-11-21 01:50:00,2025-11-21 01:55:00,Long,136.15618274261703,136.18618274261704,TP,3.0,1,-68.4965266465141
2025-11-21 02:05:00,2025-11-21 02:55:00,Short,136.27555379492463,136.57555379492464,SL,-30.0,10,-98.4965266465141
2025-11-21 06:15:00,2025-11-21 06:25:00,Long,136.8251247590908,136.5251247590908,SL,-30.0,2,-128.4965266465141
2025-11-21 06:30:00,2025-11-21 06:35:00,Long,136.41492910585848,136.44492910585848,TP,3.0,1,-125.4965266465141
2025-11-21 08:50:00,2025-11-21 08:55:00,Long,135.94643534111137,135.97643534111137,TP,3.0,1,-122.4965266465141
2025-11-21 12:15:00,2025-11-21 12:20:00,Long,135.77986093131483,135.80986093131483,TP,3.0,1,-119.4965266465141
2025-11-21 14:35:00,2025-11-21 15:00:00,Short,135.92122862426035,135.89122862426035,TP,3.0,5,-116.4965266465141
2025-11-21 17:15:00,2025-11-21 17:20:00,Short,136.4240453565242,136.3940453565242,TP,3.0,1,-113.4965266465141
2025-11-21 19:40:00,2025-11-21 19:55:00,Long,136.6660593029434,136.6960593029434,TP,3.0,3,-110.4965266465141
2025-11-21 20:15:00,2025-11-21 20:20:00,Long,136.32466423947236,136.35466423947236,TP,3.0,1,-107.4965266465141
2025-11-21 22:05:00,2025-11-21 22:50:00,Short,136.6758051870211,136.9758051870211,SL,-30.0,9,-137.4965266465141
2025-11-22 01:20:00,2025-11-22 01:25:00,Long,137.12391393408987,137.15391393408987,TP,3.0,1,-134.4965266465141
2025-11-22 01:45:00,2025-11-22 02:10:00,Short,137.26435772639405,137.23435772639405,TP,3.0,5,-131.4965266465141
2025-11-22 04:15:00,2025-11-22 04:20:00,Long,137.21226727009943,137.24226727009943,TP,3.0,1,-128.4965266465141
2025-11-22 06:55:00,2025-11-22 07:00:00,Long,137.03639365926986,137.06639365926986,TP,3.0,1,-125.4965266465141
2025-11-22 10:45:00,2025-11-22 10:50:00,Long,136.9923589930956,137.0223589930956,TP,3.0,1,-122.4965266465141
2025-11-22 11:05:00,2025-11-22 11:10:00,Short,137.51886318851766,137.48886318851766,TP,3.0,1,-119.4965266465141
2025-11-22 15:50:00,2025-11-22 16:00:00,Short,137.36191328767654,137.33191328767654,TP,3.0,2,-116.4965266465141
2025-11-22 16:20:00,2025-11-22 16:25:00,Long,137.22866198452527,137.25866198452528,TP,3.0,1,-113.4965266465141
2025-11-22 16:55:00,2025-11-22 17:00:00,Long,137.0715346538015,137.1015346538015,TP,3.0,1,-110.4965266465141
2025-11-22 17:05:00,2025-11-22 17:10:00,Long,136.92845613447994,136.95845613447995,TP,3.0,1,-107.4965266465141
2025-11-22 19:05:00,2025-11-22 19:10:00,Long,136.70373892022596,136.73373892022596,TP,3.0,1,-104.4965266465141
2025-11-23 05:15:00,2025-11-23 05:25:00,Short,136.70721548480282,136.67721548480282,TP,3.0,2,-101.4965266465141
2025-11-23 06:25:00,2025-11-23 06:30:00,Short,136.73533417260992,136.70533417260992,TP,3.0,1,-98.4965266465141
2025-11-23 07:05:00,2025-11-23 07:40:00,Long,136.47996960712814,136.50996960712814,TP,3.0,7,-95.4965266465141
2025-11-23 08:50:00,2025-11-23 08:55:00,Short,136.49975508330763,136.46975508330763,TP,3.0,1,-92.4965266465141
2025-11-23 13:15:00,2025-11-23 13:20:00,Long,135.72712364605033,135.75712364605033,TP,3.0,1,-89.4965266465141
2025-11-23 15:55:00,2025-11-23 16:15:00,Long,135.66046857179694,135.69046857179694,TP,3.0,4,-86.4965266465141
2025-11-23 19:25:00,2025-11-23 19:30:00,Long,135.30567439641945,135.33567439641945,TP,3.0,1,-83.4965266465141
2025-11-23 21:30:00,2025-11-23 21:35:00,Short,135.3504212956197,135.3204212956197,TP,3.0,1,-80.4965266465141
2025-11-24 02:10:00,2025-11-24 02:25:00,Long,135.04513718815906,135.07513718815906,TP,3.0,3,-77.4965266465141
2025-11-24 08:00:00,2025-11-24 08:05:00,Short,135.40161021345205,135.37161021345204,TP,3.0,1,-74.4965266465141
2025-11-24 09:35:00,2025-11-24 09:40:00,Short,135.83793294955106,135.80793294955106,TP,3.0,1,-71.4965266465141
2025-11-24 13:50:00,2025-11-24 14:00:00,Long,135.0770364875576,135.1070364875576,TP,3.0,2,-68.4965266465141
2025-11-24 19:45:00,2025-11-24 20:50:00,Short,135.09471377284854,135.39471377284855,SL,-30.0,13,-98.4965266465141
2025-11-24 21:25:00,2025-11-24 21:30:00,Long,135.05951980571254,135.08951980571254,TP,3.0,1,-95.4965266465141
2025-11-24 21:40:00,2025-11-24 22:25:00,Long,134.97522442522583,134.67522442522582,SL,-30.0,9,-125.4965266465141
2025-11-24 23:30:00,2025-11-24 23:35:00,Long,134.63444082870785,134.66444082870785,TP,3.0,1,-122.4965266465141
2025-11-25 01:15:00,2025-11-25 01:20:00,Long,134.5977610108255,134.6277610108255,TP,3.0,1,-119.4965266465141
2025-11-25 02:30:00,2025-11-25 02:35:00,Short,134.74301598459598,134.71301598459598,TP,3.0,1,-116.4965266465141
2025-11-25 06:05:00,2025-11-25 06:15:00,Long,134.46310353503375,134.49310353503375,TP,3.0,2,-113.4965266465141
2025-11-25 07:10:00,2025-11-25 07:15:00,Short,134.78634188792415,134.75634188792415,TP,3.0,1,-110.4965266465141
2025-11-25 10:15:00,2025-11-25 10:30:00,Short,134.69772466152585,134.66772466152585,TP,3.0,3,-107.4965266465141
2025-11-25 11:00:00,2025-11-25 11:05:00,Long,134.70257572678304,134.73257572678304,TP,3.0,1,-104.4965266465141
2025-11-25 11:40:00,2025-11-25 11:45:00,Short,135.0361430408647,135.00614304086469,TP,3.0,1,-101.4965266465141
2025-11-25 13:15:00,2025-11-25 13:20:00,Long,135.01022783000832,135.04022783000832,TP,3.0,1,-98.4965266465141
2025-11-25 13:25:00,2025-11-25 13:35:00,Short,135.12314846859613,135.09314846859613,TP,3.0,2,-95.4965266465141
2025-11-25 16:30:00,2025-11-25 16:55:00,Short,135.41500001007034,135.38500001007034,TP,3.0,5,-92.4965266465141
2025-11-25 17:10:00,2025-11-25 17:15:00,Short,135.58389787091681,135.5538978709168,TP,3.0,1,-89.4965266465141
2025-11-25 21:00:00,2025-11-25 21:05:00,Short,135.82864644654674,135.79864644654674,TP,3.0,1,-86.4965266465141
2025-11-25 21:20:00,2025-11-25 21:40:00,Long,135.54991433403939,135.24991433403937,SL,-30.0,4,-116.4965266465141
2025-11-25 21:45:00,2025-11-25 21:50:00,Long,135.388978931829,135.418978931829,TP,3.0,1,-113.4965266465141
2025-11-26 01:55:00,2025-11-26 02:00:00,Short,135.2821149841319,135.2521149841319,TP,3.0,1,-110.4965266465141
2025-11-26 02:30:00,2025-11-26 02:35:00,Long,135.13659767605017,135.16659767605017,TP,3.0,1,-107.4965266465141
2025-11-26 04:00:00,2025-11-26 04:05:00,Short,135.15424942401253,135.12424942401253,TP,3.0,1,-104.4965266465141
2025-11-26 06:15:00,2025-11-26 06:20:00,Short,135.04314484120206,135.01314484120206,TP,3.0,1,-101.4965266465141
2025-11-26 10:00:00,2025-11-26 10:25:00,Short,135.06588432342807,135.03588432342806,TP,3.0,5,-98.4965266465141
2025-11-26 10:40:00,2025-11-26 10:50:00,Long,134.89599098203155,134.92599098203155,TP,3.0,2,-95.4965266465141
2025-11-26 11:00:00,2025-11-26 11:05:00,Long,134.58912657440496,134.61912657440496,TP,3.0,1,-92.4965266465141
2025-11-26 12:55:00,2025-11-26 13:10:00,Long,134.50267290144936,134.53267290144936,TP,3.0,3,-89.4965266465141
2025-11-26 13:15:00,2025-11-26 13:20:00,Short,134.53952365236717,134.50952365236716,TP,3.0,1,-86.4965266465141
2025-11-26 13:25:00,2025-11-26 13:30:00,Short,134.69524362606168,134.66524362606168,TP,3.0,1,-83.4965266465141
2025-11-26 15:20:00,2025-11-26 15:25:00,Long,134.73538855630332,134.76538855630332,TP,3.0,1,-80.4965266465141
2025-11-26 19:55:00,2025-11-26 20:05:00,Long,133.90815247835016,133.93815247835016,TP,3.0,2,-77.4965266465141
2025-11-26 20:30:00,2025-11-26 20:35:00,Long,133.95392855080397,133.98392855080397,TP,3.0,1,-74.4965266465141
2025-11-26 23:20:00,2025-11-26 23:25:00,Long,133.989899524278,134.019899524278,TP,3.0,1,-71.4965266465141
2025-11-26 23:30:00,2025-11-26 23:35:00,Short,134.14350624621105,134.11350624621105,TP,3.0,1,-68.4965266465141
2025-11-27 01:05:00,2025-11-27 01:10:00,Short,134.17031299118804,134.14031299118804,TP,3.0,1,-65.4965266465141
2025-11-27 02:55:00,2025-11-27 03:05:00,Short,133.99388974251775,133.96388974251775,TP,3.0,2,-62.4965266465141
2025-11-27 05:00:00,2025-11-27 05:50:00,Short,133.90360212367077,133.87360212367076,TP,3.0,10,-59.4965266465141
2025-11-27 06:50:00,2025-11-27 07:45:00,Long,133.8969930403074,133.59699304030738,SL,-30.0,11,-89.4965266465141
2025-11-27 09:15:00,2025-11-27 09:45:00,Long,133.29297952667605,133.32297952667605,TP,3.0,6,-86.4965266465141
2025-11-27 14:20:00,2025-11-27 14:25:00,Short,133.01074211320903,132.98074211320903,TP,3.0,1,-83.4965266465141
2025-11-27 14:30:00,2025-11-27 14:45:00,Long,132.87322151491162,132.90322151491162,TP,3.0,3,-80.4965266465141
2025-11-27 16:40:00,2025-11-27 17:05:00,Long,132.74943355972962,132.77943355972963,TP,3.0,5,-77.4965266465141
2025-11-27 19:35:00,2025-11-27 19:40:00,Long,132.85535770929258,132.88535770929258,TP,3.0,1,-74.4965266465141
2025-11-27 20:00:00,2025-11-27 20:05:00,Short,133.00896799305744,132.97896799305744,TP,3.0,1,-71.4965266465141
2025-11-27 21:10:00,2025-11-27 21:15:00,Short,133.38576696989716,133.35576696989716,TP,3.0,1,-68.4965266465141
2025-11-27 23:15:00,2025-11-27 23:20:00,Long,133.37372973738445,133.40372973738445,TP,3.0,1,-65.4965266465141
2025-11-27 23:25:00,2025-11-27 23:30:00,Long,133.40381563231006,133.43381563231006,TP,3.0,1,-62.4965266465141
2025-11-28 06:20:00,2025-11-28 06:25:00,Long,132.80073568445866,132.83073568445866,TP,3.0,1,-59.4965266465141
2025-11-28 08:35:00,2025-11-28 08:45:00,Long,132.69842895494517,132.72842895494517,TP,3.0,2,-56.4965266465141
2025-11-28 12:25:00,2025-11-28 12:30:00,Long,132.83188985662372,132.86188985662372,TP,3.0,1,-53.4965266465141
2025-11-28 13:20:00,2025-11-28 13:25:00,Long,132.72365840059564,132.75365840059564,TP,3.0,1,-50.4965266465141
2025-11-28 19:00:00,2025-11-28 19:05:00,Long,132.63848531139294,132.66848531139294,TP,3.0,1,-47.4965266465141
2025-11-28 19:15:00,2025-11-28 19:20:00,Short,132.76082719634923,132.73082719634922,TP,3.0,1,-44.4965266465141
2025-11-28 19:40:00,2025-11-28 19:45:00,Long,132.70353764317287,132.73353764317287,TP,3.0,1,-41.4965266465141
2025-11-28 19:50:00,2025-11-28 20:00:00,Long,132.69669582965682,132.72669582965682,TP,3.0,2,-38.4965266465141
2025-11-28 20:05:00,2025-11-28 20:55:00,Short,132.79105595460942,132.76105595460942,TP,3.0,10,-35.4965266465141
2025-11-29 02:00:00,2025-11-29 02:05:00,Long,132.39850966906045,132.42850966906045,TP,3.0,1,-32.4965266465141
2025-11-29 07:05:00,2025-11-29 07:20:00,Long,132.23522578720474,132.26522578720474,TP,3.0,3,-29.4965266465141
2025-11-29 11:20:00,2025-11-29 11:25:00,Short,132.59610199272353,132.56610199272353,TP,3.0,1,-26.4965266465141
2025-11-29 14:40:00,2025-11-29 14:50:00,Long,132.11804753367784,132.14804753367784,TP,3.0,2,-23.4965266465141
2025-11-29 21:05:00,2025-11-29 21:10:00,Long,131.7358652516629,131.7658652516629,TP,3.0,1,-20.4965266465141
2025-11-29 21:15:00,2025-11-29 21:20:00,Long,131.64772424507487,131.67772424507487,TP,3.0,1,-17.4965266465141
2025-11-29 23:40:00,2025-11-29 23:55:00,Long,132.1121664889363,132.1421664889363,TP,3.0,3,-14.496526646514099
